scenario,decay_rate,total_liability,pct_change
baseline,NA,4948704.327730581,0
full_stress_(decay=1),1,4813079.56063387,-0.02740611645289126
exp_decay_75pct,0.75,4906659.031747954,-0.008496223091572053
exp_decay_50pct,0.5,4925894.835443382,-0.004609184703030955
no_persistence_(decay=0),0,4936872.765712988,-0.0023908403561906377
