interest_rate,modified_duration
0.02,7.503302430213537
0.03,7.126207866177999
0.04,6.770339622520671
0.05,6.434828602273194
