interest_rate,total_liability,pct_change_vs_3pct
0.02,5324161.752343994,0.07586984385175288
0.03,4948704.327730581,0
0.04,4616608.795595007,-0.06710757203145923
0.05,4321710.082840567,-0.12669866764449556
